"id_matricula","costo","fecha_pago"
1,195188.22,"2023-10-11 01:07:18"
2,100000.00,"2024-11-10 18:40:09"
3,100000.00,"2025-07-15 19:27:28"
4,116713.39,"2025-05-04 16:23:44"
5,100000.00,"2024-05-29 19:03:32"
6,100000.00,"2025-05-02 10:44:09"
7,175082.71,"2024-10-07 00:42:10"
8,100000.00,"2025-05-19 18:49:21"
9,100000.00,"2025-08-30 01:08:13"
10,,"2024-03-20 06:20:42"
11,100000.00,"2024-08-08 22:03:25"
12,100000.00,"2024-07-30 19:45:25"
13,124248.51,"2024-03-15 18:09:41"
14,100000.00,"2024-12-29 04:58:02"
15,100000.00,"2025-01-13 14:10:16"
16,244716.32,"2024-09-28 19:48:23"
17,251137.85,"2025-01-29 21:15:29"
18,,"2024-01-25 21:13:32"
19,100000.00,"2024-01-06 05:02:29"
20,,"2025-01-31 06:45:33"
21,,"2024-12-21 18:08:28"
22,100000.00,"2024-10-02 05:17:45"
23,240459.20,"2023-10-20 18:52:05"
24,100000.00,"2025-01-02 04:23:54"
25,123854.77,"2025-09-23 11:51:01"
26,100000.00,"2023-10-27 23:10:19"
27,100000.00,"2025-07-09 07:36:39"
28,248192.92,"2024-10-10 10:15:40"
29,180821.20,"2023-10-16 14:27:35"
30,100000.00,"2024-09-03 16:48:15"
31,100000.00,"2023-10-12 00:53:26"
32,100000.00,"2024-09-04 20:02:39"
33,100000.00,"2025-09-02 23:24:33"
34,87163.57,"2024-01-16 08:00:28"
35,100000.00,"2024-12-11 06:44:24"
36,149569.39,"2024-02-23 08:07:17"
37,100000.00,"2025-07-20 05:48:11"
38,100000.00,"2025-09-22 09:02:39"
39,100000.00,"2024-05-09 04:18:08"
40,206764.29,"2024-02-25 05:34:48"
41,100000.00,"2024-07-14 05:56:55"
42,91487.91,"2024-01-04 08:56:40"
43,285384.52,"2025-09-04 19:28:14"
44,100000.00,"2025-03-05 13:29:08"
45,278090.89,"2025-02-22 14:12:46"
46,220195.44,"2024-03-15 18:11:06"
47,100000.00,"2023-10-31 02:52:55"
48,100000.00,"2024-08-19 18:29:39"
49,100000.00,"2024-08-28 12:25:23"
50,100000.00,"2025-01-20 03:58:12"
51,100000.00,"2023-11-22 20:48:14"
52,100000.00,"2024-12-10 19:21:09"
53,282431.85,"2024-08-30 14:03:08"
54,148514.91,"2025-07-26 19:22:29"
55,100000.00,"2024-09-26 02:20:15"
56,52086.31,"2024-03-25 17:57:09"
57,234829.27,"2023-10-23 19:24:55"
58,100000.00,"2025-04-05 22:10:48"
59,96791.87,"2025-06-05 20:45:45"
60,100000.00,"2025-09-19 05:18:56"
61,100000.00,"2023-11-27 20:47:51"
62,246613.51,"2025-03-03 03:57:34"
63,100000.00,"2024-03-03 12:19:23"
64,100000.00,"2024-07-13 11:54:42"
65,100000.00,"2024-09-29 15:47:24"
66,100000.00,"2025-08-10 19:59:53"
67,,"2023-12-24 20:06:22"
68,100000.00,"2025-04-04 08:15:02"
69,165051.32,"2025-03-01 19:06:10"
70,100000.00,"2025-03-23 14:42:50"
71,,"2024-04-29 19:44:11"
72,134621.22,"2024-04-06 18:26:05"
73,100000.00,"2025-04-14 16:29:25"
74,100000.00,"2024-07-29 23:44:38"
75,100000.00,"2025-07-07 18:56:13"
76,261892.95,"2024-07-23 02:14:47"
77,100000.00,"2024-12-02 19:15:20"
78,200767.24,"2025-05-06 14:53:44"
79,100000.00,"2025-01-24 04:40:04"
80,252624.60,"2025-04-22 03:30:19"
81,100000.00,"2024-04-28 10:19:27"
82,100000.00,"2023-12-02 03:51:47"
83,100000.00,"2023-12-13 12:18:08"
84,100000.00,"2024-05-26 15:25:10"
85,100000.00,"2024-09-20 01:10:03"
86,100000.00,"2025-07-14 21:15:52"
87,100000.00,"2024-04-08 04:18:53"
88,205052.20,"2023-12-02 03:42:57"
89,160001.39,"2024-06-21 00:26:44"
90,100000.00,"2025-05-16 05:55:59"
91,,"2024-07-27 23:23:57"
92,182743.02,"2025-06-19 19:21:29"
93,100000.00,"2024-03-28 07:06:39"
94,100000.00,"2025-07-12 09:25:28"
95,100000.00,"2024-07-08 21:15:32"
96,100000.00,"2025-04-23 07:24:56"
97,100000.00,"2024-06-22 05:51:59"
98,100000.00,"2025-07-10 22:52:34"
99,100000.00,"2024-03-05 11:21:44"
100,100000.00,"2024-10-03 10:52:44"
101,100000.00,"2025-01-08 15:11:23"
102,100000.00,"2023-12-06 03:39:18"
103,52586.74,"2025-09-22 22:07:20"
104,259501.48,"2024-03-19 02:51:25"
105,,"2025-10-01 22:19:30"
106,100000.00,"2024-02-27 08:41:02"
107,123025.50,"2024-06-27 07:55:51"
108,100000.00,"2025-04-11 03:22:23"
109,58015.45,"2025-02-22 23:01:45"
110,100000.00,"2024-03-18 08:10:54"
111,100000.00,"2025-04-10 09:07:12"
112,100000.00,"2025-09-14 07:47:41"
113,100000.00,"2024-05-21 13:02:07"
114,,"2024-05-28 14:32:26"
115,100000.00,"2025-09-25 18:50:33"
116,159050.75,"2024-10-24 04:11:10"
117,100000.00,"2024-08-30 04:28:56"
118,100000.00,"2024-07-08 10:29:51"
119,100000.00,"2025-02-20 06:19:58"
120,100000.00,"2025-09-09 11:10:44"
121,100000.00,"2024-02-03 21:56:47"
122,100000.00,"2023-12-23 20:57:42"
123,100000.00,"2025-01-08 10:31:15"
124,100000.00,"2024-02-10 05:03:21"
125,137951.10,"2024-11-12 22:10:55"
126,98458.85,"2025-04-03 09:10:48"
127,100000.00,"2025-05-11 08:35:25"
128,167145.34,"2024-02-09 22:38:37"
129,100000.00,"2024-12-14 22:51:32"
130,263928.50,"2025-06-21 19:34:45"
131,100000.00,"2025-01-12 03:04:12"
132,100000.00,"2023-12-21 18:40:53"
133,100000.00,"2025-09-22 16:59:01"
134,70536.77,"2025-02-11 06:49:08"
135,100000.00,"2025-07-19 20:21:51"
136,102687.73,"2024-03-05 02:20:17"
137,100000.00,"2025-01-06 12:37:42"
138,100000.00,"2025-06-28 13:07:50"
139,100000.00,"2024-02-19 23:49:28"
140,100000.00,"2025-06-03 15:57:23"
141,89922.05,"2025-04-17 07:43:47"
142,,"2024-01-26 19:18:17"
143,100000.00,"2025-01-24 00:06:16"
144,100000.00,"2024-12-20 15:51:48"
145,100000.00,"2024-07-29 19:30:51"
146,100000.00,"2025-03-10 23:22:20"
147,94811.35,"2025-04-26 10:26:55"
148,100000.00,"2024-05-15 17:15:20"
149,100000.00,"2024-10-23 05:14:01"
150,100000.00,"2024-10-24 19:27:33"
151,100000.00,"2024-01-12 15:49:46"
152,100000.00,"2024-04-10 03:10:18"
153,100000.00,"2025-04-16 09:03:42"
154,100000.00,"2023-11-06 06:07:45"
155,100000.00,"2024-08-09 14:21:48"
156,100000.00,"2023-11-16 12:22:08"
157,100000.00,"2024-04-09 10:44:48"
158,155411.88,"2024-07-27 03:22:17"
159,100000.00,"2025-03-18 18:53:39"
160,,"2024-03-22 23:06:02"
161,209851.38,"2024-01-28 11:36:39"
162,100000.00,"2024-05-23 19:08:14"
163,121914.81,"2024-12-11 11:10:06"
164,100000.00,"2023-10-14 03:18:15"
165,100000.00,"2024-08-11 07:11:49"
166,100000.00,"2025-02-09 16:18:13"
167,100000.00,"2024-03-08 10:48:30"
168,100000.00,"2025-08-30 00:12:12"
169,100000.00,"2024-11-21 08:09:46"
170,100000.00,"2025-04-15 17:26:59"
171,100000.00,"2024-11-20 04:15:30"
172,100000.00,"2024-04-08 19:45:59"
173,89071.36,"2024-03-19 17:38:50"
174,,"2025-02-23 21:46:45"
175,100000.00,"2025-01-22 17:31:50"
176,251822.87,"2025-01-23 03:50:05"
177,100000.00,"2024-01-27 21:19:38"
178,100000.00,"2025-06-12 07:27:33"
179,100000.00,"2025-05-05 13:05:04"
180,100000.00,"2024-08-06 10:51:47"
181,83749.99,"2024-04-14 19:42:33"
182,99536.06,"2024-12-20 14:38:08"
183,100000.00,"2025-07-19 04:39:15"
184,100000.00,"2024-06-16 07:30:52"
185,100000.00,"2025-01-04 17:43:26"
186,100000.00,"2025-05-17 09:54:37"
187,100000.00,"2025-06-15 11:29:42"
188,100000.00,"2025-02-19 03:13:42"
189,100000.00,"2023-12-23 11:31:26"
190,140088.36,"2025-03-10 23:10:35"
191,100000.00,"2024-10-14 03:37:06"
192,100000.00,"2024-10-03 11:06:32"
193,100000.00,"2023-12-28 05:45:16"
194,100000.00,"2025-05-24 05:20:02"
195,100000.00,"2025-05-06 19:33:17"
196,76837.82,"2024-06-30 00:13:20"
197,100000.00,"2024-10-14 01:12:59"
198,100000.00,"2025-01-25 21:47:28"
199,100000.00,"2024-11-28 09:34:56"
200,120071.46,"2023-11-04 08:29:22"
201,100000.00,"2023-12-18 20:39:47"
202,198627.00,"2025-02-02 05:19:06"
203,100000.00,"2024-12-01 20:28:49"
204,100000.00,"2025-01-13 12:59:39"
205,189614.94,"2024-05-06 02:03:05"
206,,"2025-04-07 20:03:37"
207,100000.00,"2023-11-30 11:48:20"
208,245353.34,"2024-05-04 19:26:31"
209,100000.00,"2025-02-21 13:10:30"
210,,"2024-03-09 14:52:24"
211,100000.00,"2025-04-03 04:41:14"
212,163544.27,"2024-11-02 02:50:07"
213,100000.00,"2025-03-05 14:24:43"
214,100000.00,"2024-07-05 15:17:34"
215,100000.00,"2025-08-22 06:00:35"
216,100000.00,"2024-03-25 01:44:32"
217,100000.00,"2024-08-28 01:53:48"
218,100000.00,"2024-02-15 15:15:36"
219,189198.03,"2024-04-06 02:19:43"
220,100000.00,"2024-08-30 06:40:46"
221,,"2024-12-07 17:21:28"
222,,"2025-02-26 02:34:01"
223,,"2024-10-18 05:40:55"
224,100000.00,"2024-01-29 05:02:06"
225,100000.00,"2024-07-20 20:02:53"
226,100000.00,"2025-01-22 04:27:29"
227,100000.00,"2025-07-13 21:43:24"
228,144769.12,"2025-07-15 18:50:29"
229,249143.16,"2024-12-11 05:46:28"
230,125840.97,"2025-05-31 14:34:29"
231,100000.00,"2025-02-01 15:06:47"
232,100000.00,"2024-01-13 10:50:07"
233,,"2024-07-17 19:24:22"
234,95738.23,"2025-05-17 07:44:39"
235,140436.52,"2025-08-10 18:25:22"
236,100000.00,"2024-02-14 13:40:08"
237,100000.00,"2024-03-06 01:16:07"
238,100000.00,"2025-08-14 15:15:46"
239,287019.54,"2024-10-01 14:26:17"
240,100000.00,"2023-12-04 04:47:05"
241,100000.00,"2024-07-10 16:56:38"
242,100000.00,"2025-03-11 19:23:15"
243,69522.65,"2024-09-11 17:23:27"
244,100000.00,"2024-08-12 23:11:46"
245,100000.00,"2025-07-15 04:02:09"
246,100000.00,"2024-02-08 21:33:42"
247,100000.00,"2024-12-23 02:17:07"
248,100000.00,"2024-04-01 15:43:37"
249,100000.00,"2024-03-22 15:16:30"
250,100000.00,"2024-07-18 11:41:19"
251,63815.71,"2024-11-14 18:23:52"
252,100000.00,"2024-05-08 06:42:49"
253,256062.61,"2025-06-18 01:59:57"
254,100000.00,"2025-08-11 13:24:32"
255,249872.53,"2025-07-06 15:29:09"
256,258242.16,"2025-02-25 15:04:13"
257,101464.98,"2025-03-25 14:16:30"
258,250013.07,"2025-02-06 10:11:56"
259,,"2024-05-10 22:20:14"
260,100000.00,"2025-08-20 08:51:23"
261,100000.00,"2024-07-07 07:50:00"
262,100000.00,"2025-02-08 03:52:30"
263,100000.00,"2023-12-19 23:47:25"
264,170061.25,"2025-04-10 08:55:00"
265,100000.00,"2024-04-08 07:34:44"
266,100000.00,"2024-04-28 12:10:58"
267,100000.00,"2025-07-02 13:00:25"
268,100000.00,"2024-04-07 12:46:09"
269,100000.00,"2023-12-23 20:01:39"
270,100000.00,"2024-07-03 01:45:23"
271,100000.00,"2025-07-25 03:44:39"
272,279841.82,"2024-02-07 21:02:33"
273,100000.00,"2024-12-19 10:40:25"
274,100000.00,"2023-12-21 07:02:27"
275,100000.00,"2023-10-17 11:45:57"
276,145353.25,"2023-10-13 23:13:25"
277,100000.00,"2025-04-06 09:43:22"
278,71525.61,"2025-03-29 23:18:20"
279,100000.00,"2025-06-10 06:03:50"
280,100000.00,"2024-06-11 03:18:58"
281,100000.00,"2023-10-06 19:37:56"
282,100000.00,"2025-04-20 13:26:49"
283,,"2023-12-21 03:07:42"
284,100000.00,"2023-11-08 15:33:02"
285,217917.58,"2025-09-11 08:20:17"
286,100000.00,"2024-05-20 16:21:56"
287,100000.00,"2025-03-12 03:28:59"
288,100000.00,"2024-08-26 22:01:46"
289,138715.81,"2024-09-10 15:24:44"
290,100000.00,"2023-11-10 04:16:54"
291,293526.68,"2024-08-01 01:59:41"
292,100000.00,"2025-07-09 10:47:36"
293,100000.00,"2024-02-03 02:49:39"
294,100000.00,"2025-05-28 12:30:35"
295,211585.99,"2024-01-27 23:37:24"
296,,"2024-06-17 21:32:00"
297,100000.00,"2024-02-02 03:13:12"
298,100000.00,"2025-02-15 09:28:07"
299,50915.90,"2024-11-27 15:35:16"
300,100000.00,"2023-10-06 23:56:06"
301,100000.00,"2025-01-10 19:22:30"
302,231513.81,"2025-02-08 19:39:51"
303,100000.00,"2025-10-01 10:04:56"
304,100000.00,"2025-03-30 19:30:10"
305,100000.00,"2024-08-16 12:46:14"
306,100000.00,"2024-07-29 23:13:54"
307,100000.00,"2024-03-17 03:33:10"
308,100000.00,"2023-11-15 00:30:06"
309,243960.40,"2024-08-20 06:04:03"
310,100000.00,"2025-03-25 08:00:28"
311,,"2024-07-30 21:44:47"
312,100000.00,"2023-12-11 02:46:14"
313,100000.00,"2024-11-22 04:56:30"
314,,"2024-11-11 18:48:59"
315,100000.00,"2025-03-31 08:22:01"
316,100000.00,"2024-08-09 00:05:03"
317,100000.00,"2023-12-25 09:41:23"
318,100000.00,"2024-11-18 07:01:08"
319,189175.02,"2024-06-17 12:16:28"
320,162073.39,"2025-08-30 12:52:48"
321,80744.44,"2025-10-04 01:11:38"
322,100000.00,"2024-11-16 13:11:23"
323,,"2025-09-09 17:15:40"
324,,"2024-05-04 03:49:25"
325,116962.94,"2025-03-08 03:19:06"
326,66869.08,"2024-05-03 07:13:24"
327,116177.77,"2025-07-21 02:36:11"
328,100000.00,"2024-02-13 07:55:50"
329,100000.00,"2024-12-21 07:38:33"
330,,"2025-04-28 03:10:26"
331,100000.00,"2025-07-26 23:16:41"
332,,"2024-09-16 13:29:25"
333,266412.41,"2025-02-12 22:44:35"
334,,"2023-12-12 07:18:15"
335,100000.00,"2023-12-04 03:24:51"
336,100000.00,"2024-10-27 16:48:06"
337,,"2025-03-17 03:48:40"
338,100000.00,"2025-05-11 12:43:37"
339,100000.00,"2024-02-15 16:51:07"
340,100000.00,"2023-11-21 01:04:23"
341,100000.00,"2025-07-15 06:17:42"
342,100000.00,"2025-07-08 11:54:04"
343,100000.00,"2025-02-20 02:17:40"
344,82828.30,"2024-03-18 05:30:28"
345,238396.45,"2025-02-13 00:01:41"
346,198527.27,"2025-01-12 20:18:52"
347,100000.00,"2025-10-02 09:54:36"
348,100000.00,"2024-04-15 19:11:56"
349,168363.95,"2025-03-17 23:34:08"
350,100000.00,"2024-03-03 00:35:54"
351,100000.00,"2025-02-11 12:25:06"
352,167330.01,"2025-07-27 00:38:38"
353,100000.00,"2023-10-14 23:54:29"
354,100000.00,"2025-09-17 21:36:07"
355,158512.16,"2024-04-07 03:08:54"
356,100000.00,"2025-05-03 02:37:13"
357,100000.00,"2024-07-29 04:11:57"
358,,"2024-01-02 14:13:34"
359,100000.00,"2024-01-25 09:12:04"
360,293629.28,"2024-03-27 06:13:47"
361,100000.00,"2024-04-23 01:32:01"
362,285815.68,"2024-03-07 01:29:10"
363,100000.00,"2023-12-16 10:43:23"
364,100000.00,"2024-10-29 01:16:24"
365,113907.66,"2024-08-31 21:46:51"
366,100000.00,"2024-01-17 20:49:52"
367,100000.00,"2025-03-15 14:16:01"
368,244948.27,"2025-10-04 13:13:11"
369,100000.00,"2024-09-04 02:40:58"
370,100000.00,"2024-12-31 06:17:06"
371,100000.00,"2025-10-02 04:47:54"
372,100000.00,"2024-05-11 10:27:31"
373,292335.80,"2024-02-02 15:58:46"
374,100000.00,"2024-07-22 03:16:14"
375,100000.00,"2025-02-01 20:33:24"
376,100000.00,"2025-09-17 20:09:39"
377,100000.00,"2024-11-14 23:45:23"
378,100000.00,"2025-07-13 08:30:34"
379,220722.39,"2025-06-25 06:46:37"
380,168597.27,"2024-02-25 14:48:56"
381,100000.00,"2024-11-04 08:52:18"
382,100000.00,"2024-07-02 01:44:04"
383,100000.00,"2024-06-23 19:09:14"
384,100000.00,"2024-11-20 19:25:39"
385,100000.00,"2025-01-26 02:05:23"
386,100000.00,"2024-07-15 13:41:40"
387,100000.00,"2024-12-01 19:18:00"
388,100000.00,"2025-02-14 15:09:30"
389,100000.00,"2024-10-17 14:06:18"
390,100000.00,"2024-10-12 01:08:10"
391,100000.00,"2024-12-07 00:23:07"
392,248451.15,"2024-06-01 04:35:35"
393,,"2025-04-01 18:51:45"
394,96947.90,"2024-10-19 04:05:15"
395,100000.00,"2024-09-08 15:49:42"
396,100000.00,"2023-11-11 20:13:15"
397,100000.00,"2024-12-22 13:41:44"
398,100000.00,"2025-05-04 08:16:25"
399,100000.00,"2023-10-14 20:18:00"
400,100000.00,"2024-06-17 13:13:27"
401,289928.36,"2025-02-04 18:11:37"
402,265266.26,"2024-05-04 11:41:44"
403,,"2023-10-25 11:22:33"
404,100000.00,"2025-02-26 19:47:24"
405,217571.51,"2024-04-13 08:35:11"
406,100000.00,"2024-03-31 01:56:27"
407,,"2025-01-17 14:16:31"
408,100000.00,"2025-07-19 11:34:17"
409,,"2024-12-29 17:26:50"
410,132278.15,"2023-12-24 15:17:05"
411,100000.00,"2024-04-05 14:28:13"
412,100000.00,"2024-05-05 04:39:00"
413,100000.00,"2024-10-10 22:59:40"
414,100000.00,"2025-09-22 00:48:17"
415,261884.72,"2023-11-03 14:56:45"
416,100000.00,"2024-06-02 12:57:39"
417,79302.49,"2024-06-24 13:16:43"
418,100000.00,"2024-01-10 19:15:21"
419,100000.00,"2023-11-15 13:51:42"
420,126684.26,"2024-06-10 16:53:39"
421,,"2024-01-22 01:38:07"
422,100000.00,"2024-12-24 07:59:38"
423,272478.52,"2024-03-12 02:42:19"
424,100000.00,"2024-12-24 07:30:45"
425,,"2024-05-09 17:58:29"
426,100000.00,"2024-07-14 22:20:59"
427,100000.00,"2025-07-13 20:59:53"
428,100000.00,"2023-10-21 23:12:29"
429,192661.84,"2024-04-20 11:09:07"
430,100000.00,"2024-07-29 16:00:40"
431,100000.00,"2024-06-03 00:35:16"
432,272322.04,"2025-04-19 22:38:44"
433,,"2023-11-22 22:00:54"
434,157429.53,"2024-09-13 07:58:18"
435,243893.79,"2023-12-29 12:31:28"
436,277133.93,"2023-11-03 11:50:25"
437,100000.00,"2024-05-17 17:18:42"
438,100000.00,"2025-07-11 15:01:10"
439,100000.00,"2025-02-05 10:14:32"
440,100000.00,"2024-12-09 19:32:07"
441,100000.00,"2024-12-12 23:34:51"
442,,"2024-12-14 22:01:38"
443,69109.90,"2025-07-31 13:28:22"
444,100000.00,"2024-04-09 02:53:51"
445,89973.85,"2025-01-26 20:47:51"
446,76652.88,"2024-09-30 11:34:13"
447,100000.00,"2023-11-12 09:10:26"
448,100000.00,"2024-02-28 16:06:31"
449,100000.00,"2025-09-21 05:14:53"
450,100000.00,"2024-10-25 20:39:01"
451,100000.00,"2025-07-21 20:48:08"
452,100000.00,"2025-09-25 15:30:33"
453,100000.00,"2025-02-25 16:42:58"
454,100000.00,"2024-06-11 12:15:30"
455,205790.49,"2024-01-04 12:40:03"
456,83157.95,"2025-07-12 21:24:40"
457,100000.00,"2024-02-15 14:02:52"
458,100000.00,"2024-07-07 01:58:10"
459,107110.88,"2024-08-26 23:09:01"
460,273419.18,"2024-02-28 00:19:33"
461,100000.00,"2024-03-11 02:40:10"
462,,"2023-11-10 10:26:32"
463,100000.00,"2025-03-26 02:12:00"
464,167662.19,"2024-12-31 06:50:53"
465,276277.55,"2024-03-25 15:45:36"
466,212141.12,"2025-06-18 23:15:12"
467,84642.74,"2023-12-21 23:54:23"
468,100000.00,"2025-01-12 21:18:33"
469,100000.00,"2024-08-15 08:34:45"
470,150847.37,"2025-08-07 09:48:08"
471,100000.00,"2024-05-23 11:27:34"
472,100000.00,"2024-07-23 12:28:56"
473,,"2024-12-20 02:59:26"
474,100000.00,"2025-06-08 14:18:08"
475,100000.00,"2025-05-24 04:40:04"
476,100000.00,"2025-05-16 00:01:09"
477,100000.00,"2025-07-21 04:02:45"
478,,"2024-09-05 10:34:04"
479,100000.00,"2024-06-23 22:48:30"
480,100000.00,"2024-11-21 21:18:38"
481,100000.00,"2024-02-27 18:33:02"
482,100000.00,"2025-06-15 02:59:42"
483,100000.00,"2024-08-22 23:39:29"
484,100000.00,"2025-09-26 17:09:45"
485,100000.00,"2024-03-06 20:18:34"
486,100000.00,"2025-06-24 21:14:22"
487,100000.00,"2025-07-16 23:41:15"
488,138418.95,"2024-11-11 18:36:51"
489,100000.00,"2024-02-28 20:48:19"
490,100000.00,"2023-11-28 03:09:22"
491,100000.00,"2025-09-03 03:38:45"
492,100000.00,"2023-12-11 07:10:03"
493,242496.83,"2025-07-30 01:50:45"
494,100000.00,"2024-04-01 14:43:15"
495,100000.00,"2024-03-26 21:42:30"
496,165779.76,"2023-12-28 00:37:08"
497,100000.00,"2024-05-09 11:41:49"
498,100000.00,"2025-06-13 04:07:11"
499,285233.96,"2024-08-08 13:04:27"
500,100000.00,"2024-12-02 10:49:40"
501,100000.00,"2025-04-13 10:14:38"
502,100000.00,"2023-12-23 23:14:06"
503,,"2025-05-02 22:52:34"
504,100000.00,"2024-10-02 07:30:34"
505,100000.00,"2024-08-07 22:47:17"
506,100000.00,"2024-10-13 00:48:03"
507,100000.00,"2024-12-23 11:42:09"
508,107149.05,"2024-08-31 16:47:55"
509,237575.23,"2025-04-23 05:49:34"
510,100000.00,"2024-08-13 04:06:48"
511,100000.00,"2024-06-25 03:09:06"
512,100000.00,"2024-02-16 21:17:47"
513,100000.00,"2025-09-28 22:41:26"
514,100000.00,"2024-05-13 04:07:40"
515,275816.54,"2025-09-11 20:15:19"
516,100000.00,"2025-06-23 02:07:55"
517,100000.00,"2023-10-22 00:10:53"
518,154377.05,"2025-05-19 19:19:17"
519,100000.00,"2024-06-25 09:49:17"
520,100000.00,"2025-04-05 13:29:49"
521,255764.02,"2023-11-28 05:35:01"
522,100622.22,"2025-03-17 13:50:06"
523,100000.00,"2024-03-28 00:15:02"
524,100000.00,"2023-10-15 09:29:26"
525,100000.00,"2025-05-29 19:09:22"
526,100000.00,"2024-11-07 14:04:54"
527,254245.10,"2025-04-16 16:10:32"
528,100000.00,"2024-08-26 11:04:46"
529,58429.92,"2025-01-31 22:07:47"
530,100000.00,"2025-09-01 14:27:18"
531,100000.00,"2024-07-29 13:21:32"
532,205550.76,"2024-10-05 22:29:48"
533,100000.00,"2023-11-01 08:01:48"
534,100000.00,"2024-01-09 05:11:43"
535,100000.00,"2025-01-28 19:54:53"
536,100000.00,"2023-12-20 03:00:55"
537,100000.00,"2023-11-04 08:32:04"
538,100000.00,"2024-12-30 12:16:34"
539,100000.00,"2025-05-07 17:16:07"
540,100000.00,"2025-02-19 14:19:57"
541,100000.00,"2023-12-08 03:45:06"
542,100000.00,"2025-02-10 06:30:22"
543,,"2025-02-15 15:19:30"
544,100000.00,"2024-07-13 21:38:51"
545,199449.95,"2024-12-11 08:08:53"
546,100000.00,"2025-09-04 13:36:38"
547,275604.61,"2025-07-30 01:26:46"
548,100000.00,"2024-02-14 03:14:21"
549,,"2024-07-14 13:06:55"
550,100000.00,"2024-07-21 03:11:00"
551,100000.00,"2023-11-24 19:15:29"
552,100000.00,"2024-11-24 13:46:45"
553,207458.94,"2023-10-15 01:56:48"
554,100000.00,"2025-01-04 12:25:07"
555,219384.62,"2024-11-28 07:01:23"
556,100000.00,"2025-06-27 22:35:58"
557,99962.66,"2025-05-16 15:09:48"
558,100000.00,"2024-11-07 03:06:02"
559,100000.00,"2024-08-07 00:58:27"
560,100000.00,"2024-04-14 19:16:19"
561,100000.00,"2025-09-23 08:36:50"
562,298748.83,"2025-04-10 06:59:31"
563,100000.00,"2025-09-18 06:16:32"
564,,"2025-07-07 06:55:07"
565,100000.00,"2024-03-11 08:05:29"
566,,"2024-08-07 15:14:36"
567,100000.00,"2024-08-13 11:57:37"
568,100000.00,"2024-10-02 23:12:31"
569,100000.00,"2024-02-17 20:29:09"
570,,"2024-09-07 23:10:27"
571,100000.00,"2023-12-19 23:35:58"
572,100000.00,"2023-12-03 18:50:57"
573,100000.00,"2024-10-14 18:21:32"
574,100000.00,"2023-11-22 08:37:44"
575,138400.07,"2025-02-07 15:34:59"
576,100000.00,"2023-12-30 13:08:48"
577,100000.00,"2024-05-04 05:21:16"
578,100000.00,"2024-09-14 09:32:29"
579,100000.00,"2025-01-19 22:33:38"
580,,"2024-08-05 06:21:00"
581,100000.00,"2024-12-26 01:38:38"
582,100000.00,"2024-12-26 16:57:58"
583,,"2025-03-16 07:25:15"
584,100000.00,"2024-03-21 10:23:12"
585,100000.00,"2024-08-03 12:10:46"
586,100000.00,"2024-09-29 20:50:41"
587,100000.00,"2024-09-05 18:54:44"
588,185994.82,"2025-09-24 17:14:37"
589,88205.06,"2023-12-28 06:11:14"
590,100000.00,"2024-10-22 23:23:22"
591,,"2023-12-20 06:29:08"
592,100000.00,"2024-03-13 13:43:28"
593,,"2024-07-13 05:54:18"
594,100000.00,"2024-02-27 13:10:59"
595,100000.00,"2023-11-07 14:12:54"
596,100000.00,"2023-11-26 03:54:15"
597,100000.00,"2025-02-04 11:24:00"
598,,"2024-12-19 04:44:23"
599,,"2025-09-03 23:29:44"
600,100000.00,"2025-06-30 11:13:36"
601,213658.80,"2024-10-02 00:19:53"
602,100000.00,"2024-05-26 04:12:59"
603,213741.15,"2023-10-23 21:33:01"
604,99382.70,"2024-10-24 01:36:42"
605,100000.00,"2024-10-30 12:21:28"
606,,"2025-06-23 00:59:16"
607,84007.69,"2024-08-22 17:18:00"
608,100000.00,"2024-02-07 19:44:26"
609,100000.00,"2024-07-17 05:47:06"
610,293014.00,"2024-06-04 09:12:07"
611,100000.00,"2024-01-22 11:18:20"
612,262390.94,"2023-11-24 15:28:37"
613,283037.59,"2024-01-04 03:06:17"
614,100000.00,"2023-12-22 21:15:44"
615,100000.00,"2023-12-10 08:16:42"
616,,"2025-05-19 12:09:06"
617,100000.00,"2024-11-19 11:18:55"
618,221570.81,"2023-11-25 13:11:53"
619,100000.00,"2025-10-01 02:42:11"
620,100000.00,"2025-09-30 05:23:43"
621,119985.64,"2025-02-18 13:51:19"
622,,"2024-06-26 03:11:39"
623,100000.00,"2025-03-18 00:35:43"
624,100000.00,"2024-09-05 09:44:17"
625,253137.05,"2023-12-10 17:23:59"
626,100000.00,"2023-12-13 12:03:28"
627,219732.51,"2025-02-19 08:46:16"
628,58098.17,"2024-02-07 00:14:36"
629,100000.00,"2024-01-28 02:58:35"
630,186461.36,"2024-03-15 21:16:16"
631,,"2024-01-29 21:55:39"
632,100000.00,"2023-12-22 06:57:43"
633,286383.32,"2024-01-28 07:18:50"
634,298245.77,"2025-02-13 13:09:01"
635,100000.00,"2025-01-28 14:12:49"
636,90635.95,"2024-07-29 00:02:39"
637,112668.78,"2024-04-12 13:09:32"
638,259451.85,"2025-05-15 21:36:11"
639,115013.47,"2025-03-13 18:36:03"
640,100000.00,"2024-04-14 17:11:44"
641,209991.34,"2025-07-26 15:23:56"
642,100000.00,"2025-03-23 18:37:38"
643,100000.00,"2025-06-29 08:54:34"
644,100000.00,"2025-04-18 06:54:22"
645,100000.00,"2023-11-26 19:24:30"
646,235587.68,"2025-02-04 06:05:48"
647,218210.74,"2025-02-07 05:28:08"
648,100000.00,"2024-08-07 16:20:38"
649,100000.00,"2025-05-22 08:47:44"
650,264886.71,"2024-06-14 01:20:15"
651,100000.00,"2024-09-30 07:21:31"
652,278295.06,"2023-11-17 18:09:20"
653,100000.00,"2024-09-17 10:42:15"
654,169188.14,"2024-12-05 10:57:51"
655,100000.00,"2024-02-29 02:20:18"
656,299076.66,"2024-02-24 15:25:55"
657,100000.00,"2024-01-10 20:42:51"
658,168338.97,"2024-10-22 00:09:21"
659,100000.00,"2024-12-25 09:34:17"
660,209152.51,"2025-02-21 23:53:32"
661,191609.79,"2024-09-05 12:57:06"
662,72427.23,"2025-04-13 01:40:29"
663,,"2025-03-04 06:56:57"
664,,"2024-11-18 06:46:52"
665,100000.00,"2025-02-17 16:57:47"
666,100000.00,"2024-01-06 18:39:07"
667,100000.00,"2024-10-10 07:19:23"
668,98897.49,"2025-05-07 15:22:37"
669,100000.00,"2025-08-20 21:17:21"
670,,"2024-04-05 01:41:24"
671,100000.00,"2025-06-10 08:16:41"
672,100000.00,"2024-02-14 18:22:57"
673,100000.00,"2024-12-26 14:11:42"
674,100000.00,"2024-11-15 13:44:31"
675,55829.90,"2025-04-01 23:21:19"
676,100000.00,"2025-05-12 21:48:02"
677,181190.99,"2025-06-06 22:35:21"
678,100000.00,"2024-11-27 00:23:55"
679,100000.00,"2023-10-27 17:05:49"
680,100000.00,"2025-06-14 17:04:45"
681,182545.70,"2024-10-01 05:24:24"
682,100000.00,"2025-07-05 04:17:37"
683,178443.13,"2024-05-06 11:30:48"
684,160718.02,"2024-05-22 23:13:43"
685,100000.00,"2024-04-11 14:30:33"
686,100000.00,"2023-10-11 16:05:41"
687,100000.00,"2025-06-09 22:30:30"
688,100000.00,"2025-03-14 05:41:41"
689,100000.00,"2023-10-25 07:24:07"
690,,"2024-11-04 00:02:45"
691,,"2024-05-15 05:51:16"
692,100000.00,"2024-08-12 09:03:18"
693,100000.00,"2025-03-17 07:29:00"
694,139291.87,"2024-12-29 11:20:50"
695,100000.00,"2025-06-05 15:09:23"
696,100000.00,"2024-12-03 06:08:58"
697,100000.00,"2025-08-23 21:11:53"
698,100000.00,"2024-08-11 08:52:35"
699,100000.00,"2024-09-02 02:26:01"
700,100000.00,"2024-07-31 19:00:21"
701,100000.00,"2024-02-06 17:27:19"
702,100000.00,"2025-01-12 10:37:39"
703,,"2025-07-20 11:29:15"
704,100000.00,"2024-07-05 01:43:02"
705,100000.00,"2025-03-10 22:55:49"
706,100000.00,"2025-05-27 13:01:05"
707,58183.50,"2024-08-12 21:55:04"
708,174533.03,"2024-09-20 03:17:50"
709,100000.00,"2025-05-16 06:11:01"
710,100000.00,"2024-02-13 01:22:35"
711,100000.00,"2025-04-09 23:00:36"
712,157415.97,"2024-02-15 06:49:02"
713,60243.73,"2024-09-06 04:58:25"
714,100000.00,"2024-07-28 06:03:32"
715,244952.59,"2024-08-13 04:34:33"
716,,"2023-11-13 23:59:20"
717,100000.00,"2023-12-14 08:07:59"
718,100000.00,"2024-10-22 08:53:15"
719,100000.00,"2023-11-18 19:46:53"
720,183042.75,"2024-03-21 00:00:58"
721,54543.76,"2025-02-25 15:57:14"
722,100000.00,"2024-02-01 05:44:22"
723,100000.00,"2023-12-25 21:11:20"
724,184962.67,"2025-04-12 22:47:51"
725,100000.00,"2025-01-20 16:12:03"
726,100000.00,"2024-04-07 08:08:56"
727,100000.00,"2024-01-02 15:30:23"
728,100000.00,"2025-01-27 23:58:28"
729,100000.00,"2024-07-25 03:43:47"
730,100000.00,"2024-01-23 19:49:22"
731,100000.00,"2024-04-14 15:04:40"
732,126564.51,"2024-06-17 13:51:11"
733,100000.00,"2024-01-27 18:09:14"
734,61666.14,"2024-01-24 07:04:07"
735,100000.00,"2024-09-03 09:46:48"
736,100000.00,"2023-10-07 20:54:01"
737,63931.54,"2025-07-10 22:51:03"
738,,"2025-01-12 10:22:00"
739,227179.19,"2023-11-20 03:12:20"
740,100000.00,"2024-04-26 09:14:21"
741,100000.00,"2025-05-31 10:00:24"
742,180636.39,"2025-03-06 12:22:05"
743,100000.00,"2025-07-11 14:55:20"
744,100000.00,"2024-05-02 21:17:12"
745,100000.00,"2025-08-11 15:41:02"
746,100000.00,"2024-10-01 10:41:27"
747,,"2023-11-21 23:52:14"
748,100000.00,"2024-08-11 07:23:51"
749,100000.00,"2025-07-19 00:15:06"
750,198929.14,"2023-10-13 05:06:02"
751,100000.00,"2024-05-23 00:17:39"
752,100000.00,"2025-08-12 13:48:36"
753,100000.00,"2025-03-25 20:11:07"
754,100000.00,"2025-07-28 04:26:58"
755,100000.00,"2025-01-31 10:10:32"
756,100000.00,"2024-07-12 04:50:19"
757,100000.00,"2024-07-03 03:47:09"
758,100000.00,"2025-06-06 04:31:46"
759,98524.91,"2024-08-11 16:27:48"
760,,"2023-12-30 08:12:14"
761,166811.34,"2024-09-10 21:27:15"
762,100000.00,"2025-08-31 16:39:52"
763,100000.00,"2024-08-27 06:17:28"
764,132967.85,"2024-12-21 09:53:13"
765,100000.00,"2025-04-28 21:03:50"
766,,"2024-09-18 08:56:30"
767,100000.00,"2025-10-02 08:31:00"
768,252646.86,"2024-01-16 17:16:57"
769,100000.00,"2025-05-16 12:58:32"
770,100000.00,"2024-12-09 19:49:03"
771,285833.93,"2024-11-30 02:51:14"
772,,"2024-02-28 09:25:17"
773,160723.87,"2024-10-26 11:13:01"
774,289064.13,"2025-03-13 03:58:20"
775,79499.22,"2025-09-27 04:17:22"
776,100000.00,"2025-06-15 16:09:20"
777,100000.00,"2025-02-13 20:23:38"
778,189351.12,"2024-06-13 17:35:10"
779,252970.74,"2024-06-23 13:58:22"
780,100000.00,"2025-02-02 03:42:44"
781,100000.00,"2024-08-14 16:57:04"
782,100000.00,"2025-01-31 22:00:36"
783,100000.00,"2024-02-08 06:53:20"
784,100000.00,"2025-06-17 11:08:43"
785,,"2024-02-12 10:22:53"
786,100000.00,"2025-07-18 16:06:04"
787,,"2023-12-06 03:49:10"
788,100000.00,"2024-08-22 23:15:34"
789,100000.00,"2023-12-27 23:38:53"
790,100000.00,"2025-09-03 19:25:41"
791,100000.00,"2024-09-07 09:54:48"
792,100000.00,"2024-08-17 02:27:49"
793,100000.00,"2025-07-16 18:36:07"
794,100000.00,"2025-05-29 23:44:11"
795,100000.00,"2025-09-10 20:31:10"
796,163087.41,"2023-12-06 18:34:03"
797,100000.00,"2023-10-20 09:42:48"
798,100000.00,"2025-08-11 15:30:44"
799,100000.00,"2024-11-24 21:47:17"
800,,"2025-02-12 11:20:35"
801,100000.00,"2025-09-29 04:56:32"
802,100000.00,"2024-09-24 15:29:30"
803,100000.00,"2025-04-17 23:40:38"
804,100000.00,"2024-02-25 02:41:44"
805,100000.00,"2024-09-19 22:47:09"
806,100000.00,"2024-03-10 04:47:59"
807,111379.04,"2024-08-12 11:08:21"
808,287236.39,"2023-11-06 04:05:36"
809,113325.75,"2024-12-05 09:27:42"
810,100000.00,"2025-04-26 04:28:03"
811,100000.00,"2023-10-30 20:43:24"
812,100000.00,"2025-04-25 03:00:11"
813,100000.00,"2024-05-13 20:45:29"
814,65058.52,"2023-10-10 05:09:55"
815,100000.00,"2024-10-25 17:47:12"
816,184316.19,"2024-11-29 03:18:42"
817,276643.67,"2024-02-14 00:08:59"
818,100000.00,"2025-03-22 04:28:28"
819,199809.95,"2024-09-23 12:38:40"
820,100000.00,"2025-08-24 10:34:40"
821,60634.47,"2023-11-27 18:04:08"
822,100000.00,"2024-08-18 03:10:07"
823,100000.00,"2025-09-18 13:36:59"
824,116606.77,"2024-01-14 18:48:03"
825,83702.79,"2024-12-06 04:44:26"
826,222586.14,"2025-02-11 10:07:45"
827,100000.00,"2024-08-23 15:19:51"
828,273776.86,"2024-01-02 00:54:59"
829,100000.00,"2025-07-28 07:28:43"
830,84575.20,"2023-12-07 17:50:31"
831,100000.00,"2025-04-29 06:30:06"
832,,"2024-11-19 18:01:22"
833,,"2023-10-07 07:59:20"
834,157007.01,"2024-07-29 17:25:20"
835,100000.00,"2024-06-15 19:32:57"
836,132796.95,"2024-08-21 16:58:21"
837,100000.00,"2024-11-02 20:25:38"
838,227602.44,"2024-01-07 00:31:53"
839,100000.00,"2024-02-15 16:54:25"
840,100000.00,"2023-10-29 07:10:34"
841,100000.00,"2023-10-16 13:02:52"
842,105486.32,"2025-08-16 14:38:54"
843,292477.33,"2023-12-21 23:02:25"
844,241962.69,"2025-08-15 12:51:47"
845,100000.00,"2023-12-11 21:23:09"
846,100000.00,"2025-07-21 10:20:58"
847,,"2023-11-21 01:35:19"
848,140900.18,"2024-11-17 21:20:06"
849,100000.00,"2024-12-16 06:02:13"
850,100000.00,"2025-06-17 09:59:00"
851,,"2023-10-11 08:50:27"
852,100000.00,"2024-10-13 21:56:18"
853,100000.00,"2024-02-29 04:02:28"
854,100000.00,"2025-09-21 14:20:43"
855,100000.00,"2023-10-11 05:19:38"
856,203632.42,"2025-04-03 19:28:51"
857,100000.00,"2025-06-24 01:00:49"
858,100000.00,"2024-11-12 02:21:20"
859,100000.00,"2024-11-28 21:01:48"
860,100000.00,"2024-06-01 13:54:07"
861,100000.00,"2025-08-19 02:09:37"
862,100000.00,"2024-06-11 00:39:51"
863,,"2025-02-01 15:02:28"
864,235149.91,"2024-01-29 04:24:54"
865,100000.00,"2025-01-09 05:02:42"
866,100000.00,"2025-09-28 06:02:38"
867,,"2024-03-03 08:29:35"
868,270209.09,"2025-09-15 08:21:15"
869,100000.00,"2025-01-05 02:35:35"
870,93440.74,"2024-10-01 15:17:12"
871,100000.00,"2024-07-23 15:55:59"
872,100000.00,"2024-03-10 07:12:21"
873,100000.00,"2024-05-09 19:49:03"
874,100000.00,"2025-01-24 08:36:09"
875,100000.00,"2023-12-12 14:56:15"
876,100000.00,"2025-02-16 02:50:10"
877,100000.00,"2025-06-09 13:44:40"
878,,"2024-03-24 08:18:21"
879,88258.81,"2023-11-22 19:31:44"
880,100000.00,"2024-10-24 18:07:08"
881,100000.00,"2024-10-08 07:41:12"
882,100000.00,"2025-02-25 19:33:44"
883,248868.99,"2024-07-20 04:24:15"
884,100000.00,"2024-06-03 01:25:34"
885,100000.00,"2024-06-04 01:14:22"
886,100000.00,"2024-03-25 04:29:49"
887,257565.77,"2023-11-01 11:14:07"
888,100000.00,"2024-02-14 18:06:22"
889,,"2025-02-17 00:06:44"
890,100000.00,"2025-01-14 05:02:43"
891,265861.79,"2024-05-10 00:00:39"
892,100000.00,"2024-06-26 13:16:11"
893,82188.27,"2025-07-23 21:47:02"
894,100000.00,"2025-07-30 08:06:09"
895,100000.00,"2024-10-29 11:12:20"
896,100000.00,"2024-06-27 21:29:54"
897,100000.00,"2024-11-29 22:57:17"
898,295403.78,"2023-11-17 22:56:00"
899,100000.00,"2023-11-23 07:35:11"
900,59885.83,"2025-02-27 15:30:07"
901,100000.00,"2024-11-04 17:00:47"
902,84665.92,"2024-08-04 16:22:59"
903,107738.67,"2024-10-02 07:43:52"
904,251603.81,"2023-11-16 04:09:11"
905,131663.67,"2025-01-06 03:30:37"
906,100000.00,"2024-07-31 14:59:15"
907,76336.02,"2025-09-10 21:50:49"
908,100000.00,"2024-09-12 03:59:52"
909,179189.10,"2025-09-06 03:29:38"
910,133386.86,"2024-10-20 05:40:21"
911,100000.00,"2024-11-09 03:41:28"
912,100000.00,"2025-07-22 15:12:08"
913,,"2025-01-12 11:07:13"
914,297291.60,"2024-08-07 06:01:40"
915,100000.00,"2024-09-10 08:49:06"
916,100000.00,"2025-08-22 19:17:04"
917,100000.00,"2025-05-23 05:36:40"
918,168304.00,"2024-11-10 07:17:32"
919,100000.00,"2025-09-05 16:42:02"
920,100000.00,"2025-07-22 17:37:39"
921,100000.00,"2024-10-05 03:13:59"
922,134650.26,"2024-03-03 02:27:57"
923,210113.89,"2025-02-19 10:19:27"
924,229794.94,"2024-03-05 04:02:20"
925,100000.00,"2025-03-15 17:13:38"
926,100000.00,"2025-09-23 22:13:10"
927,90245.96,"2025-06-08 08:03:21"
928,100000.00,"2023-11-13 03:49:13"
929,100000.00,"2023-12-09 05:56:50"
930,100000.00,"2024-08-29 18:38:40"
931,,"2025-02-05 05:21:00"
932,100000.00,"2024-10-23 20:46:00"
933,100000.00,"2024-01-11 22:00:11"
934,,"2024-12-03 07:44:13"
935,134111.31,"2025-08-19 08:02:38"
936,,"2025-01-25 11:05:46"
937,100000.00,"2025-03-21 20:07:27"
938,100000.00,"2023-10-08 14:29:20"
939,100000.00,"2025-09-09 22:55:59"
940,100000.00,"2025-01-07 12:32:59"
941,100000.00,"2023-11-09 23:39:50"
942,101746.91,"2024-06-30 19:17:14"
943,100000.00,"2024-10-05 10:02:11"
944,100000.00,"2024-03-12 00:52:18"
945,268012.72,"2025-09-02 15:16:43"
946,100000.00,"2024-10-29 12:40:03"
947,100000.00,"2025-09-13 01:30:24"
948,100000.00,"2025-06-30 01:55:40"
949,100000.00,"2023-11-13 00:46:55"
950,100000.00,"2025-08-30 23:03:28"
951,,"2024-05-26 22:13:36"
952,240624.99,"2025-08-10 21:38:54"
953,214339.93,"2024-11-24 01:56:33"
954,73958.32,"2023-11-01 22:11:54"
955,100000.00,"2025-09-11 01:12:02"
956,100000.00,"2023-10-08 05:35:17"
957,271271.96,"2025-05-29 02:08:55"
958,100000.00,"2025-06-15 01:32:56"
959,235655.82,"2025-08-15 14:26:44"
960,,"2024-05-14 20:21:14"
961,100000.00,"2025-06-11 23:09:57"
962,100000.00,"2023-11-15 03:44:02"
963,100000.00,"2024-12-08 02:16:15"
964,100000.00,"2024-05-21 05:09:57"
965,100000.00,"2025-02-06 01:25:01"
966,61565.17,"2024-01-27 04:30:54"
967,100000.00,"2025-01-19 17:52:41"
968,212710.71,"2025-02-15 21:51:09"
969,100000.00,"2025-01-26 05:35:51"
970,,"2023-10-15 19:08:00"
971,100000.00,"2025-01-12 19:41:13"
972,,"2025-02-27 23:51:46"
973,100000.00,"2025-04-24 00:09:11"
974,100000.00,"2024-08-22 15:15:17"
975,100000.00,"2024-02-11 01:11:58"
976,100000.00,"2025-09-24 05:26:06"
977,100000.00,"2024-09-11 09:32:13"
978,100000.00,"2023-10-15 16:26:28"
979,100000.00,"2024-02-16 21:47:47"
980,100000.00,"2025-01-05 05:54:01"
981,65652.81,"2024-03-19 00:45:12"
982,,"2024-01-16 23:45:36"
983,277622.19,"2024-02-10 12:07:08"
984,262482.72,"2025-09-11 08:52:49"
985,,"2024-12-22 06:03:42"
986,,"2024-09-27 06:13:43"
987,270651.68,"2024-08-29 04:07:33"
988,100000.00,"2025-02-28 13:29:43"
989,100000.00,"2025-03-22 18:25:40"
990,80946.22,"2023-10-21 21:57:40"
991,100000.00,"2024-11-17 11:45:27"
992,230808.92,"2023-11-27 06:32:42"
993,268928.19,"2024-08-15 06:28:57"
994,100000.00,"2025-08-23 17:00:50"
995,100000.00,"2025-02-28 08:23:28"
996,100000.00,"2025-05-11 16:03:28"
997,100000.00,"2025-07-09 09:01:48"
998,181800.68,"2025-06-10 08:32:21"
999,100000.00,"2025-08-21 21:16:36"
1000,100000.00,"2023-11-14 13:42:42"
